Time,Frame,X,Y
0:0:1 ,1,1018.33,301.78
0:0:1 ,1,882.71,436.79
0:0:1 ,1,847.19,494.5
0:0:1 ,1,741.86,488.59
0:0:1 ,1,734.09,367.55
0:0:1 ,1,301.2,433.37
0:0:1 ,1,537.79,196.31
0:0:1 ,1,489.02,28.64
0:0:1 ,1,415.79,45.64
0:0:1 ,1,400.83,278.04
0:0:1 ,1,261.83,17.63
0:0:2 ,2,1256.08,595.18
0:0:2 ,2,1145.54,644.39
0:0:2 ,2,1040.16,89.24
0:0:2 ,2,840.6,92.44
0:0:2 ,2,950.0,674.0
0:0:2 ,2,841.42,370.28
0:0:2 ,2,578.03,552.83
0:0:2 ,2,601.79,87.8
0:0:2 ,2,515.28,198.99
0:0:2 ,2,181.27,433.37
0:0:2 ,2,350.98,396.23
0:0:2 ,2,88.99,51.75
0:0:3 ,3,1239.5,108.65
0:0:3 ,3,1229.5,440.5
0:0:3 ,3,1120.96,379.51
0:0:3 ,3,1137.0,58.0
0:0:3 ,3,1079.51,46.3
0:0:3 ,3,1018.07,245.94
0:0:3 ,3,977.0,548.5
0:0:3 ,3,851.05,57.39
0:0:3 ,3,795.04,172.31
0:0:3 ,3,572.52,577.26
0:0:3 ,3,499.79,202.84
0:0:3 ,3,388.84,488.88
0:0:3 ,3,351.0,596.0
0:0:3 ,3,329.5,368.5
0:0:3 ,3,235.53,596.28
0:0:3 ,3,143.46,350.8
0:0:3 ,3,144.26,35.68
0:0:3 ,3,117.5,194.0
0:0:3 ,3,27.83,23.13
0:0:3 ,3,25.5,406.5
0:0:3 ,3,20.5,494.5
0:0:4 ,4,1225.0,33.5
0:0:4 ,4,1139.14,52.96
0:0:4 ,4,1126.52,288.02
0:0:4 ,4,1110.97,227.52
0:0:4 ,4,1015.5,223.5
0:0:4 ,4,873.39,36.78
0:0:4 ,4,626.72,640.24
0:0:4 ,4,507.04,514.66
0:0:4 ,4,434.43,621.11
0:0:4 ,4,344.7,579.53
0:0:5 ,5,337.0,621.5
0:0:6 ,6,1091.69,479.01
0:0:7 ,7,342.89,521.49
0:0:8 ,8,330.6,519.97
0:0:13 ,13,340.0,624.0
0:0:18 ,18,1192.86,390.87
0:0:18 ,18,1218.47,162.13
0:0:18 ,18,1171.74,522.3
0:0:18 ,18,905.45,267.39
0:0:18 ,18,420.79,498.6
0:0:18 ,18,792.92,242.93
0:0:18 ,18,706.0,368.95
0:0:18 ,18,724.62,243.76
0:0:18 ,18,462.38,150.57
0:0:18 ,18,286.67,73.19
0:0:18 ,18,249.6,368.69
0:0:18 ,18,98.62,235.21
0:0:18 ,18,79.38,30.83
0:0:18 ,18,124.0,290.48
0:0:18 ,18,48.24,91.37
0:0:19 ,19,1192.0,386.5
0:0:19 ,19,1032.4,185.67
0:0:19 ,19,1007.83,323.81
0:0:19 ,19,1044.08,117.16
0:0:19 ,19,1007.05,38.13
0:0:19 ,19,851.88,38.93
0:0:19 ,19,687.26,636.54
0:0:19 ,19,564.35,619.32
0:0:19 ,19,438.5,368.5
0:0:19 ,19,421.41,549.94
0:0:19 ,19,427.0,640.0
0:0:19 ,19,352.75,608.93
0:0:19 ,19,225.0,598.5
0:0:21 ,21,1101.39,483.44
0:0:26 ,26,10.92,487.0
0:0:27 ,27,358.5,534.0
0:0:29 ,29,357.0,533.5
0:0:30 ,30,1093.95,481.18
0:0:30 ,30,871.16,74.82
0:0:31 ,31,360.0,532.5
0:0:32 ,32,346.0,532.5
0:0:33 ,33,1045.81,120.85
0:0:33 ,33,357.17,534.13
0:0:35 ,35,1089.7,487.35
0:0:36 ,36,1101.9,477.12
0:0:37 ,37,340.5,628.0
0:0:38 ,38,341.32,511.2
0:0:39 ,39,582.5,671.0
0:0:41 ,41,575.5,668.5
0:0:42 ,42,361.0,531.0
0:0:49 ,49,1121.51,639.24
0:0:49 ,49,953.88,661.1
0:0:49 ,49,823.69,386.1
0:0:49 ,49,881.56,434.25
0:0:50 ,50,1044.74,244.45
0:0:50 ,50,1233.32,570.7
0:0:50 ,50,1175.72,667.91
0:0:50 ,50,1166.5,534.0
0:0:50 ,50,1019.41,596.85
0:0:50 ,50,497.69,498.7
0:0:50 ,50,754.08,241.76
0:0:50 ,50,722.5,124.5
0:0:50 ,50,585.2,36.26
0:0:50 ,50,527.36,105.83
0:0:50 ,50,181.83,192.02
0:0:50 ,50,404.67,52.66
0:0:50 ,50,239.79,45.39
0:0:50 ,50,140.73,374.27
0:0:50 ,50,77.03,44.47
0:0:50 ,50,104.25,581.45
0:0:50 ,50,60.79,358.67
0:0:50 ,50,29.0,685.0
0:0:50 ,50,24.0,498.5
0:0:51 ,51,1186.6,613.15
0:0:51 ,51,1170.5,512.5
0:0:51 ,51,670.34,110.31
0:0:52 ,52,1161.01,187.76
0:0:52 ,52,1232.5,619.0
0:0:52 ,52,1025.0,605.5
0:0:52 ,52,976.52,98.49
0:0:52 ,52,725.22,521.2
0:0:52 ,52,851.22,308.9
0:0:52 ,52,837.0,134.5
0:0:52 ,52,730.6,28.87
0:0:52 ,52,604.83,667.4
0:0:52 ,52,461.2,236.06
0:0:52 ,52,238.79,316.87
0:0:52 ,52,440.59,20.33
0:0:52 ,52,206.5,579.5
0:0:52 ,52,143.0,560.5
0:0:53 ,53,22.27,332.25
0:0:55 ,55,1041.85,548.83
0:0:55 ,55,909.3,558.12
0:0:55 ,55,914.25,244.26
0:0:55 ,55,859.0,372.0
0:0:55 ,55,833.98,600.11
0:0:55 ,55,579.31,498.43
0:0:55 ,55,684.18,28.74
0:0:55 ,55,337.28,34.94
0:0:55 ,55,323.03,514.92
0:0:55 ,55,333.5,618.0
0:0:55 ,55,238.33,205.27
0:0:55 ,55,239.0,657.5
0:0:55 ,55,94.5,502.5
0:0:55 ,55,87.5,216.5
0:0:55 ,55,78.0,682.0
0:0:56 ,56,425.19,161.77
0:0:56 ,56,291.88,22.27
0:0:56 ,56,107.96,347.28
0:0:56 ,56,141.06,32.91
0:0:56 ,56,131.5,218.5
0:0:56 ,56,113.63,655.64
0:0:56 ,56,45.63,64.59
0:0:56 ,56,31.38,225.52
0:0:57 ,57,1120.2,193.75
0:0:57 ,57,1121.54,555.61
0:0:57 ,57,916.5,412.5
0:0:57 ,57,823.85,46.77
0:0:57 ,57,560.81,580.39
0:0:57 ,57,706.5,58.5
0:0:57 ,57,568.0,130.5
0:0:57 ,57,341.5,372.5
0:0:58 ,58,573.0,42.5
0:0:58 ,58,175.47,33.31
0:0:58 ,58,161.1,119.27
0:0:58 ,58,126.5,688.0
0:0:58 ,58,47.87,64.93
0:0:58 ,58,39.5,193.5
0:0:59 ,59,726.59,531.45
0:0:59 ,59,1111.5,287.0
0:0:59 ,59,1002.01,45.71
0:0:59 ,59,809.09,59.56
0:0:59 ,59,754.3,280.22
0:0:59 ,59,671.0,131.5
0:0:59 ,59,600.5,29.0
0:0:59 ,59,309.86,32.67
0:0:59 ,59,162.13,604.4
0:0:59 ,59,203.0,678.5
0:0:59 ,59,143.17,119.74
0:0:59 ,59,148.5,309.5
0:0:59 ,59,106.57,527.58
0:0:59 ,59,40.5,687.0
0:0:59 ,59,41.0,585.5
0:0:59 ,59,30.69,32.49
0:1:0 ,60,1239.04,62.38
0:1:0 ,60,1254.9,120.16
0:1:0 ,60,1242.0,235.52
0:1:0 ,60,1188.97,641.19
0:1:0 ,60,1059.5,335.58
0:1:0 ,60,911.96,415.8
0:1:0 ,60,815.81,109.18
0:1:0 ,60,514.78,529.23
0:1:0 ,60,779.5,672.0
0:1:0 ,60,586.13,108.45
0:1:0 ,60,493.72,591.63
0:1:0 ,60,479.3,348.49
0:1:0 ,60,312.51,38.86
0:1:0 ,60,294.92,278.01
0:1:0 ,60,223.98,583.57
0:1:0 ,60,209.53,22.0
0:1:0 ,60,162.09,330.6
0:1:0 ,60,169.63,224.73
0:1:0 ,60,145.23,561.74
0:1:0 ,60,140.09,123.12
0:1:0 ,60,123.46,672.89
0:1:0 ,60,56.08,108.32
0:1:0 ,60,37.75,26.43
0:1:0 ,60,45.39,484.94
0:1:0 ,60,35.95,587.2
0:1:0 ,60,27.31,686.78
0:1:1 ,61,1248.36,50.69
0:1:1 ,61,1194.02,670.05
0:1:1 ,61,1065.56,50.28
0:1:1 ,61,1127.68,511.2
0:1:1 ,61,1081.78,249.24
0:1:1 ,61,1070.73,477.23
0:1:1 ,61,950.79,658.8
0:1:1 ,61,965.72,557.15
0:1:1 ,61,798.81,53.07
0:1:1 ,61,664.05,591.47
0:1:1 ,61,498.38,499.05
0:1:1 ,61,318.21,564.1
0:1:1 ,61,304.93,25.98
0:1:1 ,61,151.88,313.61
0:1:1 ,61,31.98,22.52
0:1:1 ,61,37.5,581.0
0:1:2 ,62,1109.5,288.5
0:1:2 ,62,1042.65,41.82
0:1:2 ,62,1057.78,170.13
0:1:2 ,62,630.12,301.31
0:1:2 ,62,693.5,576.5
0:1:2 ,62,614.0,647.5
0:1:2 ,62,275.0,590.5
0:1:2 ,62,334.51,496.21
0:1:2 ,62,332.97,388.36
0:1:2 ,62,276.5,429.0
0:1:3 ,63,643.98,74.14
0:1:3 ,63,650.5,291.5
0:1:3 ,63,605.41,280.1
0:1:3 ,63,213.5,580.0
0:1:3 ,63,174.98,274.92
0:1:4 ,64,225.32,579.84
0:1:12 ,72,925.0,474.5
0:1:12 ,72,866.96,464.41
0:1:12 ,72,766.5,563.5
0:1:12 ,72,634.88,295.31
0:1:12 ,72,487.95,26.27
0:1:12 ,72,413.88,49.71
0:1:12 ,72,396.84,343.24
0:1:12 ,72,405.3,264.59
0:1:12 ,72,247.51,680.13
0:1:12 ,72,53.44,657.06
0:1:13 ,73,1198.88,610.08
0:1:13 ,73,1006.32,593.05
0:1:13 ,73,913.67,679.68
0:1:13 ,73,337.91,361.5
0:1:13 ,73,721.88,433.03
0:1:13 ,73,709.51,40.5
0:1:13 ,73,511.13,214.07
0:1:13 ,73,453.5,33.79
0:1:13 ,73,373.17,167.13
0:1:13 ,73,241.46,565.76
0:1:13 ,73,243.0,675.5
0:1:13 ,73,188.75,639.7
0:1:13 ,73,21.95,646.88
0:1:14 ,74,1260.5,206.5
0:1:14 ,74,1209.05,112.0
0:1:14 ,74,1256.5,305.5
0:1:14 ,74,1167.89,404.94
0:1:14 ,74,1181.56,672.59
0:1:14 ,74,1171.36,555.83
0:1:14 ,74,1142.5,254.2
0:1:14 ,74,957.69,158.14
0:1:14 ,74,1038.21,606.01
0:1:14 ,74,966.0,529.0
0:1:14 ,74,668.8,636.14
0:1:14 ,74,736.4,429.77
0:1:14 ,74,676.86,280.5
0:1:14 ,74,624.04,466.68
0:1:14 ,74,576.84,274.51
0:1:14 ,74,395.55,591.52
0:1:14 ,74,446.93,401.12
0:1:14 ,74,448.04,33.58
0:1:14 ,74,280.5,362.44
0:1:14 ,74,116.78,142.47
0:1:14 ,74,247.62,681.45
0:1:14 ,74,104.33,572.82
0:1:15 ,75,1262.0,204.0
0:1:15 ,75,1231.35,70.15
0:1:15 ,75,1185.24,681.75
0:1:15 ,75,1043.92,160.59
0:1:15 ,75,1003.74,71.7
0:1:15 ,75,1037.16,341.96
0:1:15 ,75,840.71,78.92
0:1:15 ,75,647.06,593.28
0:1:15 ,75,741.5,296.0
0:1:15 ,75,716.5,52.0
0:1:15 ,75,688.46,315.46
0:1:15 ,75,431.22,498.72
0:1:15 ,75,322.63,589.74
0:1:15 ,75,56.04,107.13
0:1:15 ,75,29.0,231.5
0:1:16 ,76,1194.57,629.97
0:1:16 ,76,1239.5,394.0
0:1:16 ,76,1212.51,84.21
0:1:16 ,76,1200.19,409.51
0:1:16 ,76,999.56,595.36
0:1:16 ,76,880.85,41.4
0:1:16 ,76,855.8,473.72
0:1:16 ,76,793.92,246.66
0:1:16 ,76,793.5,166.5
0:1:16 ,76,707.31,629.88
0:1:16 ,76,720.14,67.04
0:1:16 ,76,733.08,430.65
0:1:16 ,76,672.15,276.51
0:1:16 ,76,669.2,420.31
0:1:16 ,76,433.08,559.08
0:1:16 ,76,580.53,272.76
0:1:16 ,76,532.09,340.53
0:1:16 ,76,413.5,42.4
0:1:16 ,76,337.85,374.34
0:1:16 ,76,269.69,28.07
0:1:16 ,76,156.65,214.88
0:1:16 ,76,245.5,676.0
0:1:16 ,76,111.54,40.97
0:1:16 ,76,108.0,579.0
0:1:16 ,76,89.36,490.23
0:1:16 ,76,49.44,102.7
0:1:16 ,76,24.04,233.53
0:1:17 ,77,1249.2,207.93
0:1:17 ,77,1195.73,685.7
0:1:17 ,77,1216.94,80.96
0:1:17 ,77,1193.5,398.5
0:1:17 ,77,1158.2,151.46
0:1:17 ,77,1028.53,196.66
0:1:17 ,77,1029.41,608.54
0:1:17 ,77,969.83,537.21
0:1:17 ,77,876.13,17.54
0:1:17 ,77,704.89,660.58
0:1:17 ,77,715.99,43.28
0:1:17 ,77,677.72,583.86
0:1:17 ,77,486.1,587.4
0:1:17 ,77,439.88,469.69
0:1:17 ,77,377.0,483.5
0:1:17 ,77,268.87,26.45
0:1:17 ,77,230.46,554.55
0:1:17 ,77,117.2,233.0
0:1:17 ,77,110.5,578.0
0:1:18 ,78,1196.96,387.88
0:1:18 ,78,1148.0,127.0
0:1:18 ,78,1042.37,215.85
0:1:18 ,78,1016.39,48.3
0:1:18 ,78,694.5,662.0
0:1:18 ,78,579.5,647.5
0:1:18 ,78,504.5,636.0
0:1:20 ,80,1016.18,223.59
0:1:20 ,80,1200.26,617.72
0:1:20 ,80,1179.0,301.25
0:1:20 ,80,1004.8,596.87
0:1:20 ,80,853.97,472.1
0:1:20 ,80,482.2,526.63
0:1:20 ,80,770.32,414.0
0:1:20 ,80,707.85,46.98
0:1:20 ,80,737.53,314.21
0:1:20 ,80,682.32,298.08
0:1:20 ,80,672.0,437.0
0:1:20 ,80,583.57,269.63
0:1:20 ,80,424.11,43.62
0:1:20 ,80,287.91,56.12
0:1:20 ,80,107.25,204.79
0:1:20 ,80,226.37,297.34
0:1:20 ,80,132.57,58.86
0:1:20 ,80,108.5,555.5
0:1:21 ,81,1251.5,207.5
0:1:21 ,81,1179.5,678.5
0:1:21 ,81,1164.51,147.84
0:1:21 ,81,1181.5,548.5
0:1:21 ,81,1042.83,347.07
0:1:21 ,81,1048.31,197.09
0:1:21 ,81,1044.5,609.5
0:1:21 ,81,1001.11,43.84
0:1:21 ,81,614.52,628.06
0:1:21 ,81,709.32,40.03
0:1:21 ,81,575.28,269.66
0:1:21 ,81,568.5,498.0
0:1:21 ,81,462.5,406.5
0:1:21 ,81,421.62,50.71
0:1:21 ,81,377.73,577.62
0:1:21 ,81,351.73,493.88
0:1:21 ,81,337.09,376.82
0:1:21 ,81,243.03,577.28
0:1:21 ,81,188.44,149.85
0:1:21 ,81,139.5,213.5
0:1:21 ,81,107.82,580.19
0:1:21 ,81,61.25,109.24
0:1:22 ,82,1256.0,126.0
0:1:22 ,82,1257.0,301.5
0:1:22 ,82,1248.19,206.94
0:1:22 ,82,1239.0,381.5
0:1:22 ,82,1192.79,666.56
0:1:22 ,82,1199.94,564.79
0:1:22 ,82,1213.62,83.41
0:1:22 ,82,1036.74,216.76
0:1:22 ,82,1199.63,413.09
0:1:22 ,82,1035.84,598.33
0:1:22 ,82,859.04,468.13
0:1:22 ,82,528.05,542.82
0:1:22 ,82,725.37,437.08
0:1:22 ,82,709.65,40.65
0:1:22 ,82,687.55,306.78
0:1:22 ,82,583.94,269.57
0:1:22 ,82,429.27,46.73
0:1:22 ,82,365.5,476.0
0:1:22 ,82,322.5,368.5
0:1:22 ,82,265.41,388.23
0:1:22 ,82,194.72,105.61
0:1:22 ,82,248.0,678.0
0:1:22 ,82,235.72,551.3
0:1:22 ,82,197.96,651.4
0:1:22 ,82,138.5,225.0
0:1:22 ,82,109.0,579.5
0:1:22 ,82,52.41,288.34
0:1:22 ,82,49.08,94.24
0:1:23 ,83,1050.21,241.87
0:1:23 ,83,1181.5,549.0
0:1:23 ,83,1037.87,600.1
0:1:23 ,83,855.76,129.56
0:1:23 ,83,853.68,467.12
0:1:23 ,83,709.77,660.45
0:1:23 ,83,737.19,425.54
0:1:23 ,83,738.87,314.39
0:1:23 ,83,684.36,284.73
0:1:23 ,83,504.39,507.15
0:1:23 ,83,579.98,653.6
0:1:23 ,83,541.44,146.49
0:1:23 ,83,296.21,557.99
0:1:23 ,83,264.84,680.73
0:1:23 ,83,203.33,126.08
0:1:23 ,83,191.72,650.78
0:1:23 ,83,111.83,226.94
0:1:23 ,83,95.0,27.5
0:1:23 ,83,49.5,344.5
0:1:24 ,84,35.29,354.06
0:1:25 ,85,525.5,174.0
0:1:25 ,85,482.0,250.0
0:1:25 ,85,381.0,28.5
0:1:25 ,85,371.5,91.5
0:1:25 ,85,287.88,158.71
0:1:25 ,85,214.5,288.0
0:1:25 ,85,113.1,255.35
0:1:25 ,85,131.5,57.0
0:1:25 ,85,21.0,26.0
0:1:26 ,86,77.26,17.53
0:1:26 ,86,37.95,93.47
0:1:26 ,86,31.33,390.72
0:1:26 ,86,23.76,245.05
0:1:27 ,87,667.69,387.05
0:1:27 ,87,764.0,524.5
0:1:27 ,87,604.39,86.93
0:1:27 ,87,388.5,114.9
0:1:27 ,87,316.58,61.03
0:1:27 ,87,296.59,147.43
0:1:27 ,87,164.14,87.75
0:1:27 ,87,177.5,29.0
0:1:27 ,87,34.0,138.53
0:1:27 ,87,35.19,210.12
0:1:27 ,87,19.5,26.0
0:1:28 ,88,739.6,43.98
0:1:28 ,88,723.05,364.49
0:1:28 ,88,485.94,337.18
0:1:28 ,88,527.69,503.88
0:1:28 ,88,491.08,626.67
0:1:28 ,88,283.3,674.93
0:1:28 ,88,341.0,371.5
0:1:28 ,88,250.47,24.8
0:1:28 ,88,261.6,127.29
0:1:28 ,88,213.89,575.95
0:1:28 ,88,188.55,320.79
0:1:28 ,88,33.99,139.46
0:1:28 ,88,32.5,501.5
0:1:28 ,88,24.0,237.0
0:1:29 ,89,1067.86,315.71
0:1:29 ,89,1264.17,662.39
0:1:29 ,89,701.87,659.92
0:1:29 ,89,596.5,75.5
0:1:29 ,89,583.0,641.5
0:1:29 ,89,504.08,517.5
0:1:29 ,89,434.35,620.07
0:1:29 ,89,354.21,687.66
0:1:29 ,89,390.8,487.62
0:1:29 ,89,351.24,586.31
0:1:29 ,89,329.5,365.5
0:1:29 ,89,248.2,20.46
0:1:29 ,89,246.0,678.5
0:1:30 ,90,1138.97,51.7
0:1:30 ,90,1121.4,289.65
0:1:30 ,90,1106.5,225.0
0:1:30 ,90,1073.57,26.86
0:1:30 ,90,1019.35,218.47
0:1:31 ,91,1255.0,318.0
0:1:31 ,91,961.57,404.8
0:1:31 ,91,827.48,112.17
0:1:31 ,91,946.32,664.5
0:1:31 ,91,845.53,367.41
0:1:31 ,91,851.0,492.0
0:1:31 ,91,746.62,488.51
0:1:31 ,91,347.18,347.27
0:1:31 ,91,57.13,629.6
0:1:32 ,92,1256.56,317.77
0:1:32 ,92,872.64,80.93
0:1:32 ,92,906.71,458.47
0:1:32 ,92,837.78,365.84
0:1:32 ,92,850.5,493.0
0:1:32 ,92,795.0,167.0
0:1:32 ,92,745.28,487.03
0:1:32 ,92,738.27,373.28
0:1:32 ,92,717.5,661.0
0:1:32 ,92,331.64,351.79
0:1:32 ,92,41.0,676.5
0:1:33 ,93,832.95,82.48
0:1:33 ,93,870.18,468.38
0:1:33 ,93,841.42,367.66
0:1:33 ,93,792.0,176.5
0:1:33 ,93,322.54,376.61
0:1:33 ,93,735.16,369.05
0:1:33 ,93,658.83,408.5
0:1:33 ,93,602.63,84.29
0:1:33 ,93,483.0,30.0
0:1:33 ,93,344.2,64.34
0:1:33 ,93,236.5,38.0
0:1:33 ,93,226.5,680.5
0:1:34 ,94,1134.8,299.34
0:1:34 ,94,1230.09,428.23
0:1:34 ,94,1140.46,80.75
0:1:34 ,94,1146.4,647.2
0:1:34 ,94,1085.68,613.11
0:1:34 ,94,1051.5,104.0
0:1:34 ,94,974.48,545.18
0:1:34 ,94,831.15,102.64
0:1:34 ,94,953.0,673.5
0:1:34 ,94,811.5,381.5
0:1:34 ,94,300.78,395.42
0:1:34 ,94,507.75,200.57
0:1:34 ,94,400.57,271.49
0:1:35 ,95,1114.61,315.32
0:1:35 ,95,1229.53,423.01
0:1:35 ,95,838.31,79.01
0:1:35 ,95,941.5,403.5
0:1:35 ,95,923.0,470.5
0:1:35 ,95,860.37,527.4
0:1:35 ,95,835.54,370.73
0:1:35 ,95,796.0,171.0
0:1:35 ,95,601.7,574.99
0:1:35 ,95,655.0,396.0
0:1:35 ,95,603.42,89.55
0:1:35 ,95,512.75,195.41
0:1:35 ,95,508.1,300.81
0:1:35 ,95,204.69,336.95
0:1:35 ,95,213.64,582.09
0:1:35 ,95,126.77,85.3
0:1:35 ,95,41.44,39.39
0:1:36 ,96,1265.5,658.5
0:1:36 ,96,1228.91,427.17
0:1:36 ,96,1140.46,52.01
0:1:36 ,96,1145.63,644.47
0:1:36 ,96,1082.81,38.77
0:1:36 ,96,1018.97,242.0
0:1:36 ,96,948.8,389.78
0:1:36 ,96,977.0,548.0
0:1:36 ,96,947.1,148.85
0:1:36 ,96,850.55,55.43
0:1:36 ,96,895.5,179.0
0:1:36 ,96,795.3,172.8
0:1:36 ,96,755.94,582.2
0:1:36 ,96,595.56,623.08
0:1:36 ,96,601.48,74.04
0:1:36 ,96,503.04,503.9
0:1:36 ,96,498.5,197.58
0:1:36 ,96,433.0,616.0
0:1:36 ,96,397.57,496.81
0:1:36 ,96,371.0,580.0
0:1:36 ,96,307.96,258.98
0:1:36 ,96,282.0,488.0
0:1:36 ,96,124.16,304.59
0:1:37 ,97,1229.5,35.0
0:1:37 ,97,1138.5,53.5
0:1:37 ,97,1119.63,279.4
0:1:37 ,97,840.7,40.73
0:1:37 ,97,639.11,646.81
0:1:37 ,97,172.5,344.0
0:1:37 ,97,76.84,290.89
0:1:38 ,98,609.87,353.88
0:1:39 ,99,397.5,377.0
0:1:40 ,100,308.11,415.18
0:1:40 ,100,247.39,573.54
0:1:41 ,101,42.44,608.6
0:1:42 ,102,42.86,567.64
0:1:43 ,103,275.87,608.78
0:1:44 ,104,1172.7,123.99
0:1:44 ,104,683.47,49.75
0:1:44 ,104,629.32,64.73
0:1:44 ,104,666.0,379.5
0:1:44 ,104,578.5,112.5
0:1:44 ,104,388.32,518.24
0:1:44 ,104,172.01,50.76
0:1:44 ,104,45.0,36.5
0:1:45 ,105,1028.22,271.71
0:1:45 ,105,1248.0,386.0
0:1:45 ,105,1243.0,237.5
0:1:45 ,105,1185.15,405.08
0:1:45 ,105,984.84,660.76
0:1:45 ,105,797.79,219.28
0:1:45 ,105,739.65,67.02
0:1:45 ,105,485.29,500.2
0:1:45 ,105,706.61,307.89
0:1:45 ,105,699.0,474.0
0:1:45 ,105,593.5,67.5
0:1:45 ,105,507.5,33.16
0:1:45 ,105,506.68,139.88
0:1:45 ,105,391.15,147.72
0:1:45 ,105,267.77,37.92
0:1:45 ,105,296.8,113.92
0:1:45 ,105,138.56,279.0
0:1:45 ,105,97.32,115.45
0:1:45 ,105,119.15,673.37
0:1:45 ,105,115.0,528.0
0:1:45 ,105,79.0,24.5
0:1:45 ,105,40.5,531.5
0:1:45 ,105,29.5,688.0
0:1:46 ,106,1220.26,636.08
0:1:46 ,106,1227.42,245.18
0:1:46 ,106,747.71,437.35
0:1:46 ,106,1218.62,128.27
0:1:46 ,106,1178.68,385.03
0:1:46 ,106,1100.5,479.0
0:1:46 ,106,699.15,66.35
0:1:46 ,106,662.85,401.96
0:1:46 ,106,648.07,252.24
0:1:46 ,106,599.1,378.47
0:1:46 ,106,553.01,272.83
0:1:46 ,106,531.0,346.0
0:1:46 ,106,444.04,154.85
0:1:46 ,106,382.47,274.57
0:1:46 ,106,397.78,37.23
0:1:46 ,106,374.15,166.65
0:1:46 ,106,255.48,101.63
0:1:46 ,106,203.6,29.73
0:1:46 ,106,120.15,320.58
0:1:46 ,106,48.52,272.39
0:1:46 ,106,73.51,582.22
0:1:46 ,106,38.0,22.5
0:1:47 ,107,979.1,228.46
0:1:47 ,107,1230.46,592.73
0:1:47 ,107,1136.45,649.09
0:1:47 ,107,1128.21,391.76
0:1:47 ,107,908.85,532.48
0:1:47 ,107,884.45,667.33
0:1:47 ,107,742.15,520.48
0:1:47 ,107,672.42,67.97
0:1:47 ,107,487.9,546.71
0:1:47 ,107,631.01,403.8
0:1:47 ,107,607.97,265.24
0:1:47 ,107,525.77,295.01
0:1:47 ,107,531.57,177.05
0:1:47 ,107,461.34,362.19
0:1:47 ,107,254.38,544.21
0:1:47 ,107,350.72,56.2
0:1:47 ,107,264.0,345.0
0:1:47 ,107,236.9,104.37
0:1:47 ,107,170.12,33.04
0:1:47 ,107,202.95,422.64
0:1:47 ,107,175.5,337.06
0:1:47 ,107,87.87,306.5
0:1:47 ,107,41.56,264.67
0:1:47 ,107,46.64,618.09
0:1:48 ,108,1258.65,117.53
0:1:48 ,108,1253.93,401.14
0:1:48 ,108,1246.0,472.5
0:1:48 ,108,1234.1,45.67
0:1:48 ,108,1176.5,241.5
0:1:48 ,108,1159.56,76.28
0:1:48 ,108,1109.16,688.93
0:1:48 ,108,1127.5,388.0
0:1:48 ,108,1072.62,109.6
0:1:48 ,108,1047.49,469.29
0:1:48 ,108,937.53,229.64
0:1:48 ,108,686.54,28.21
0:1:48 ,108,639.7,615.32
0:1:48 ,108,660.66,172.76
0:1:48 ,108,650.0,430.0
0:1:48 ,108,627.0,30.5
0:1:48 ,108,571.88,56.01
0:1:48 ,108,563.77,299.58
0:1:48 ,108,403.51,563.55
0:1:48 ,108,323.0,488.5
0:1:48 ,108,270.5,370.0
0:1:48 ,108,147.92,22.96
0:1:48 ,108,15.59,300.87
0:1:49 ,109,1247.0,30.5
0:1:49 ,109,1174.61,115.27
0:1:49 ,109,1119.54,417.12
0:1:49 ,109,1054.5,668.5
0:1:49 ,109,951.12,284.52
0:1:49 ,109,937.0,34.0
0:1:49 ,109,691.88,64.17
0:1:49 ,109,628.79,35.51
0:1:49 ,109,613.5,648.0
0:1:49 ,109,544.63,290.9
0:1:49 ,109,524.04,633.3
0:1:49 ,109,416.03,509.45
0:1:49 ,109,440.5,613.5
0:1:49 ,109,348.19,623.67
0:1:50 ,110,921.71,555.01
0:1:50 ,110,935.36,480.18
0:1:50 ,110,762.0,492.5
0:1:50 ,110,292.17,367.38
0:1:50 ,110,632.37,287.66
0:1:50 ,110,491.74,435.37
0:1:50 ,110,482.5,30.0
0:1:51 ,111,1130.51,674.79
0:1:51 ,111,1109.32,63.4
0:1:51 ,111,932.92,478.33
0:1:51 ,111,895.5,164.0
0:1:51 ,111,888.92,378.62
0:1:51 ,111,805.72,93.05
0:1:51 ,111,802.15,382.35
0:1:51 ,111,766.0,256.0
0:1:51 ,111,757.5,492.5
0:1:51 ,111,638.4,25.6
0:1:51 ,111,615.5,439.0
0:1:51 ,111,495.7,209.85
0:1:51 ,111,482.5,30.0
0:1:51 ,111,367.0,170.0
0:1:51 ,111,110.5,576.0
0:1:52 ,112,1105.0,335.03
0:1:52 ,112,1017.5,479.0
0:1:52 ,112,983.0,116.0
0:1:52 ,112,944.44,480.35
0:1:52 ,112,919.04,547.65
0:1:52 ,112,741.19,100.16
0:1:52 ,112,754.94,255.73
0:1:52 ,112,755.73,496.28
0:1:52 ,112,453.03,575.08
0:1:52 ,112,615.32,422.71
0:1:52 ,112,510.54,324.28
0:1:52 ,112,461.74,191.34
0:1:52 ,112,343.99,165.84
0:1:52 ,112,144.44,247.25
0:1:52 ,112,233.75,30.77
0:1:52 ,112,177.41,583.69
0:1:52 ,112,166.76,676.1
0:1:52 ,112,114.0,576.0
0:1:53 ,113,1225.08,110.25
0:1:53 ,113,1133.74,355.55
0:1:53 ,113,1111.18,50.34
0:1:53 ,113,1117.5,547.5
0:1:53 ,113,1099.25,655.5
0:1:53 ,113,1082.28,140.11
0:1:53 ,113,981.19,291.1
0:1:53 ,113,819.29,59.83
0:1:53 ,113,672.65,68.95
0:1:53 ,113,510.82,580.72
0:1:53 ,113,326.07,563.92
0:1:53 ,113,143.41,263.33
0:1:53 ,113,167.2,582.99
0:1:53 ,113,64.22,75.0
0:1:54 ,114,1173.36,468.56
0:1:54 ,114,836.38,43.45
0:1:54 ,114,648.64,26.2
0:1:54 ,114,671.16,98.33
0:1:54 ,114,609.65,135.34
0:1:54 ,114,525.14,335.2
0:1:54 ,114,525.25,631.47
0:1:54 ,114,380.13,573.48
0:1:54 ,114,77.91,199.58
0:1:55 ,115,868.38,307.85
0:1:55 ,115,1237.35,662.43
0:1:55 ,115,343.12,503.78
0:1:55 ,115,447.5,37.5
0:1:55 ,115,230.29,33.8
0:1:55 ,115,234.36,121.73
0:1:55 ,115,106.72,159.38
0:1:55 ,115,92.61,41.14
0:1:56 ,116,1243.0,112.0
0:1:56 ,116,1153.18,106.09
0:1:56 ,116,1094.5,138.0
0:1:56 ,116,488.94,368.68
0:1:56 ,116,627.79,621.5
0:1:56 ,116,283.16,44.04
0:1:56 ,116,270.96,131.22
0:1:56 ,116,135.5,42.0
0:1:56 ,116,48.0,64.5
0:1:57 ,117,1251.0,103.0
0:1:57 ,117,1192.77,583.83
0:1:57 ,117,1125.77,102.68
0:1:57 ,117,1090.21,416.43
0:1:57 ,117,1081.0,54.5
0:1:57 ,117,1006.67,38.77
0:1:57 ,117,410.98,348.93
0:1:57 ,117,779.86,564.97
0:1:57 ,117,730.5,675.0
0:1:57 ,117,380.5,48.0
0:1:57 ,117,373.14,155.23
0:1:57 ,117,309.13,70.58
0:1:57 ,117,249.21,22.14
0:1:58 ,118,1133.23,78.46
0:1:58 ,118,1079.27,147.71
0:1:58 ,118,1041.0,647.5
0:1:58 ,118,1014.3,90.43
0:1:58 ,118,1013.5,194.0
0:1:58 ,118,896.28,125.87
0:1:58 ,118,429.35,413.85
0:1:58 ,118,784.0,66.0
0:1:58 ,118,629.48,32.86
0:1:58 ,118,97.0,20.0
0:2:0 ,120,1241.27,28.23
0:2:0 ,120,1156.14,75.06
0:2:0 ,120,1057.59,450.98
0:2:0 ,120,909.0,153.0
0:2:0 ,120,596.68,345.71
0:2:0 ,120,161.96,430.14
0:2:0 ,120,277.64,128.26
0:2:0 ,120,84.47,113.11
0:2:1 ,121,1014.5,193.0
0:2:1 ,121,622.56,69.04
0:2:1 ,121,523.0,238.5
0:2:1 ,121,390.0,615.5
0:2:1 ,121,273.0,491.0
0:2:1 ,121,191.03,371.88
0:2:4 ,124,1178.26,550.76
0:2:4 ,124,1220.37,35.65
0:2:4 ,124,1147.5,128.0
0:2:4 ,124,1054.42,94.74
0:2:4 ,124,991.5,548.0
0:2:4 ,124,797.99,88.18
0:2:4 ,124,616.0,610.5
0:2:4 ,124,601.31,275.07
0:2:4 ,124,528.96,497.96
0:2:4 ,124,430.5,616.0
0:2:4 ,124,389.0,489.0
0:2:4 ,124,349.44,590.5
0:2:4 ,124,211.28,579.19
0:2:5 ,125,52.52,355.36
0:2:6 ,126,1190.5,390.5
0:2:6 ,126,1094.16,169.45
0:2:6 ,126,974.5,548.5
0:2:6 ,126,873.65,432.89
0:2:6 ,126,634.72,30.83
0:2:6 ,126,600.45,655.87
0:2:6 ,126,558.5,494.5
0:2:6 ,126,558.5,156.5
0:2:6 ,126,270.81,529.06
0:2:6 ,126,433.0,339.0
0:2:6 ,126,304.7,16.95
0:2:6 ,126,291.5,301.0
0:2:7 ,127,53.36,354.0
0:2:8 ,128,53.779999999999994,353.0
0:2:9 ,129,1265.0,628.0
0:2:9 ,129,1082.0,40.5
0:2:9 ,129,831.0,484.0
0:2:9 ,129,785.5,687.0
0:2:9 ,129,658.0,660.5
0:2:9 ,129,415.3,238.11
0:2:9 ,129,366.52,115.79
0:2:10 ,130,1202.0,685.5
0:2:10 ,130,799.76,214.74
0:2:10 ,130,352.12,515.82
0:2:10 ,130,286.83,28.0
0:2:10 ,130,210.08,35.51
0:2:10 ,130,138.08,210.85
0:2:10 ,130,144.09,23.91
0:2:10 ,130,123.5,686.5
0:2:11 ,131,1236.02,39.86
0:2:11 ,131,1241.84,250.06
0:2:11 ,131,1212.91,687.7
0:2:11 ,131,1176.53,195.34
0:2:11 ,131,1196.5,388.0
0:2:11 ,131,1147.5,129.5
0:2:11 ,131,1066.04,227.82
0:2:11 ,131,1107.9,478.13
0:2:11 ,131,1005.0,375.0
0:2:11 ,131,976.0,548.5
0:2:11 ,131,844.93,48.94
0:2:11 ,131,620.78,614.55
0:2:11 ,131,607.72,104.42
0:2:11 ,131,497.73,510.15
0:2:11 ,131,448.5,362.5
0:2:11 ,131,408.4,602.75
0:2:11 ,131,401.5,492.5
0:2:11 ,131,253.5,470.0
0:2:11 ,131,231.42,597.63
0:2:11 ,131,93.67,432.85
0:2:12 ,132,1188.28,683.17
0:2:12 ,132,976.16,546.1
0:2:12 ,132,866.5,46.5
0:2:12 ,132,602.37,592.92
0:2:12 ,132,436.5,618.5
0:2:12 ,132,454.5,512.5
0:2:12 ,132,230.57,597.56
0:2:13 ,133,347.0,508.5
0:2:17 ,137,659.85,384.04
0:2:17 ,137,316.02,595.28
0:2:18 ,138,350.7,615.61
0:2:19 ,139,337.54,626.28
0:2:19 ,139,249.88,590.29
0:2:20 ,140,346.26,506.83
0:2:20 ,140,333.3,593.72
0:2:21 ,141,343.31,587.64
0:2:22 ,142,307.4,595.7
0:2:26 ,146,345.31,629.3
0:2:26 ,146,253.58,589.84
0:2:29 ,149,830.72,36.44
0:2:30 ,150,333.37,601.79
0:2:32 ,152,838.45,34.94
0:2:32 ,152,573.37,504.88
0:2:32 ,152,325.56,596.3
0:2:33 ,153,1091.91,484.8
0:2:33 ,153,844.5,31.45
0:2:33 ,153,566.0,651.0
0:2:33 ,153,367.0,530.0
0:2:34 ,154,343.16,508.83
0:2:34 ,154,338.0,622.5
0:2:35 ,155,879.46,30.84
0:2:35 ,155,333.73,517.96
0:2:38 ,158,336.73,511.7
0:2:39 ,159,1088.71,480.83
0:2:39 ,159,880.18,71.26
0:2:40 ,160,1049.97,117.28
0:2:41 ,161,1050.08,117.25
0:2:41 ,161,317.59,512.94
0:2:42 ,162,1049.73,115.72
0:2:42 ,162,329.45,519.18
0:2:43 ,163,321.23,474.73
0:2:44 ,164,866.62,42.72
0:2:44 ,164,573.5,656.0
0:2:44 ,164,350.83,512.84
0:2:45 ,165,1094.34,478.64
0:2:45 ,165,330.84,501.56
0:2:46 ,166,312.88,517.67
0:2:47 ,167,361.5,531.0
0:2:47 ,167,340.5,625.5
0:2:48 ,168,340.5,624.0
0:2:49 ,169,1097.0,482.0
0:2:51 ,171,853.55,34.01
0:2:52 ,172,839.21,509.04
0:2:52 ,172,123.0,74.5
0:2:52 ,172,33.63,84.75
0:2:53 ,173,1239.03,169.87
0:2:53 ,173,1243.0,29.5
0:2:53 ,173,1158.88,207.49
0:2:53 ,173,1125.19,479.76
0:2:53 ,173,1080.57,315.72
0:2:53 ,173,1042.66,185.26
0:2:53 ,173,1047.65,112.94
0:2:53 ,173,1004.97,474.54
0:2:53 ,173,989.77,355.67
0:2:53 ,173,933.41,390.69
0:2:53 ,173,857.02,44.84
0:2:53 ,173,882.58,433.32
0:2:53 ,173,715.53,577.63
0:2:53 ,173,590.86,90.0
0:2:53 ,173,560.55,501.03
0:2:53 ,173,366.41,606.54
0:2:53 ,173,262.5,478.5
0:2:53 ,173,204.12,582.98
0:2:53 ,173,168.86,351.25
0:2:53 ,173,72.38,310.66
0:2:54 ,174,1254.5,320.5
0:2:54 ,174,1148.5,644.0
0:2:54 ,174,1088.46,613.04
0:2:54 ,174,1076.5,681.0
0:2:54 ,174,946.25,661.71
0:2:54 ,174,852.01,475.56
0:2:54 ,174,313.18,416.82
0:2:54 ,174,745.5,489.5
0:2:54 ,174,606.92,82.58
0:2:54 ,174,514.9,220.11
0:2:54 ,174,497.07,49.12
0:2:54 ,174,410.5,40.0
0:2:55 ,175,1099.28,366.51
0:2:55 ,175,1147.76,126.46
0:2:55 ,175,989.84,337.01
0:2:55 ,175,967.56,546.93
0:2:55 ,175,932.83,382.21
0:2:55 ,175,848.73,51.8
0:2:55 ,175,751.97,565.92
0:2:55 ,175,578.74,578.19
0:2:55 ,175,550.71,152.24
0:2:55 ,175,477.0,611.5
0:2:55 ,175,425.0,615.0
0:2:55 ,175,386.0,488.5
0:2:55 ,175,348.96,591.7
0:2:55 ,175,124.57,308.85
0:2:55 ,175,212.46,585.91
0:2:56 ,176,1254.97,153.08
0:2:56 ,176,1230.2,38.78
0:2:56 ,176,1138.34,53.34
0:2:56 ,176,1116.08,263.51
0:2:56 ,176,1117.47,489.29
0:2:56 ,176,1017.63,232.78
0:2:56 ,176,850.78,33.81
0:2:56 ,176,514.13,507.08
0:2:56 ,176,431.46,620.52
0:2:56 ,176,342.5,579.5
0:2:56 ,176,172.04,379.19
0:2:56 ,176,84.54,331.09
0:2:57 ,177,838.77,29.49
0:2:59 ,179,1210.94,43.51
0:2:59 ,179,1220.08,421.0
0:2:59 ,179,1251.66,149.13
0:2:59 ,179,754.4,260.44
0:2:59 ,179,1121.48,476.44
0:2:59 ,179,766.21,593.31
0:2:59 ,179,319.38,541.03
0:2:59 ,179,388.5,489.5
0:2:59 ,179,403.0,414.5
0:2:59 ,179,332.09,678.45
0:2:59 ,179,207.39,34.25
0:2:59 ,179,126.27,207.87
0:2:59 ,179,134.33,35.93
0:2:59 ,179,32.54,216.44
0:2:59 ,179,42.0,61.16
0:3:0 ,180,1204.0,687.5
0:3:0 ,180,1147.5,129.0
0:3:0 ,180,1046.65,325.37
0:3:0 ,180,975.0,549.0
0:3:0 ,180,846.41,62.31
0:3:0 ,180,811.66,252.33
0:3:0 ,180,543.09,582.15
0:3:0 ,180,620.04,83.42
0:3:0 ,180,237.99,494.14
0:3:0 ,180,72.19,494.15
0:3:0 ,180,77.5,359.5
0:3:1 ,181,863.21,42.02
0:3:1 ,181,583.02,631.3
0:3:1 ,181,517.5,515.0
0:3:1 ,181,431.5,625.5
0:3:2 ,182,862.37,64.31
0:3:2 ,182,570.27,659.54
0:3:11 ,191,868.01,47.88
0:3:14 ,194,1096.2,481.53
0:3:20 ,200,340.59,513.21
0:3:21 ,201,1185.88,210.84
0:3:21 ,201,1209.23,589.52
0:3:21 ,201,1173.99,667.4
0:3:21 ,201,1148.5,314.5
0:3:21 ,201,1097.77,471.45
0:3:21 ,201,1091.23,673.0
0:3:21 ,201,1038.37,102.67
0:3:21 ,201,991.84,520.59
0:3:21 ,201,927.07,405.92
0:3:21 ,201,915.5,563.0
0:3:21 ,201,904.01,658.2
0:3:21 ,201,832.0,72.69
0:3:21 ,201,861.0,473.0
0:3:21 ,201,790.48,543.82
0:3:21 ,201,724.77,46.87
0:3:21 ,201,742.26,443.37
0:3:21 ,201,682.12,618.72
0:3:21 ,201,465.01,390.96
0:3:21 ,201,668.93,401.69
0:3:21 ,201,424.49,157.66
0:3:21 ,201,406.3,39.01
0:3:21 ,201,301.5,360.0
0:3:21 ,201,293.0,299.0
0:3:21 ,201,253.63,195.25
0:3:21 ,201,244.5,154.0
0:3:21 ,201,241.15,681.13
0:3:21 ,201,215.75,52.58
0:3:21 ,201,201.68,297.67
0:3:21 ,201,68.75,56.44
0:3:21 ,201,108.84,279.64
0:3:21 ,201,82.29,503.47
0:3:21 ,201,29.92,185.92
0:3:22 ,202,663.63,29.35
0:3:22 ,202,437.0,485.5
0:3:22 ,202,402.92,606.49
0:3:24 ,204,1098.64,484.59
0:3:25 ,205,357.5,527.5
0:3:26 ,206,340.0,516.0
0:3:27 ,207,323.66,516.93
0:3:28 ,208,1096.18,484.1
0:3:29 ,209,1090.92,480.22
0:3:31 ,211,297.0,516.0
0:3:32 ,212,566.0,651.5
0:3:32 ,212,318.06,503.93
0:3:33 ,213,1099.6,480.02
0:3:33 ,213,334.62,518.74
0:3:33 ,213,340.5,635.0
0:3:34 ,214,554.47,662.42
0:3:36 ,216,557.01,641.57
0:3:36 ,216,341.16,511.92
0:3:36 ,216,340.0,628.0
0:3:37 ,217,1096.22,482.76
0:3:37 ,217,360.0,527.5
0:3:37 ,217,341.0,627.0
0:3:40 ,220,1231.18,152.93
0:3:40 ,220,1190.5,431.96
0:3:40 ,220,1168.42,664.27
0:3:40 ,220,919.33,199.33
0:3:40 ,220,996.64,606.33
0:3:40 ,220,886.69,507.88
0:3:40 ,220,623.62,471.26
0:3:40 ,220,705.45,371.71
0:3:40 ,220,614.4,63.67
0:3:40 ,220,420.13,491.86
0:3:40 ,220,488.25,60.7
0:3:40 ,220,416.39,45.22
0:3:40 ,220,154.48,145.12
0:3:40 ,220,254.02,200.18
0:3:40 ,220,242.59,681.99
0:3:40 ,220,186.39,532.65
0:3:40 ,220,95.07,549.0
0:3:40 ,220,75.0,306.4
0:3:40 ,220,63.0,680.0
0:3:41 ,221,1221.21,181.74
0:3:41 ,221,1149.1,685.56
0:3:41 ,221,1047.02,118.33
0:3:41 ,221,1020.37,191.87
0:3:41 ,221,1010.07,340.03
0:3:41 ,221,999.72,38.19
0:3:41 ,221,998.69,586.94
0:3:41 ,221,857.75,34.63
0:3:41 ,221,687.12,652.47
0:3:41 ,221,409.0,571.0
0:3:42 ,222,1044.86,116.7
0:3:42 ,222,339.07,597.43
0:3:43 ,223,339.22,589.6
0:3:47 ,227,1149.43,139.73
0:3:49 ,229,849.5,26.5
0:3:50 ,230,1220.15,386.85
0:3:50 ,230,1173.61,666.83
0:3:50 ,230,1222.87,598.44
0:3:50 ,230,1140.73,460.08
0:3:50 ,230,981.71,403.95
0:3:50 ,230,895.7,571.77
0:3:50 ,230,863.15,684.7
0:3:50 ,230,789.36,279.98
0:3:50 ,230,675.95,612.39
0:3:50 ,230,714.29,459.62
0:3:50 ,230,386.59,426.69
0:3:50 ,230,632.6,297.74
0:3:50 ,230,486.0,56.0
0:3:50 ,230,411.34,167.97
0:3:50 ,230,301.0,85.5
0:3:50 ,230,208.41,29.51
0:3:50 ,230,64.84,54.93
0:3:50 ,230,105.09,187.09
0:3:50 ,230,51.67,591.96
0:3:51 ,231,1063.0,154.0
0:3:51 ,231,676.07,384.69
0:3:51 ,231,560.5,649.0
0:3:51 ,231,564.5,509.0
0:3:51 ,231,430.0,495.0
0:3:51 ,231,372.0,614.5
0:3:52 ,232,255.61,573.85
0:3:53 ,233,345.5,562.08
0:3:54 ,234,274.5,430.5
0:3:55 ,235,333.64,606.41
0:3:56 ,236,1206.76,398.26
0:3:56 ,236,678.53,388.06
0:3:56 ,236,1179.54,664.52
0:3:56 ,236,1157.01,524.08
0:3:56 ,236,900.24,531.89
0:3:56 ,236,750.76,539.04
0:3:56 ,236,663.65,262.62
0:3:56 ,236,609.76,149.07
0:3:56 ,236,511.8,159.51
0:3:56 ,236,521.17,49.17
0:3:56 ,236,423.09,36.42
0:3:56 ,236,376.57,243.74
0:3:56 ,236,315.5,309.0
0:3:56 ,236,133.82,157.64
0:3:56 ,236,253.53,29.98
0:3:56 ,236,238.69,260.15
0:3:56 ,236,14.0,258.5
0:3:57 ,237,1253.0,319.0
0:3:57 ,237,844.1,368.62
0:3:57 ,237,503.85,510.59
0:3:57 ,237,534.22,183.89
0:3:57 ,237,526.89,376.7
0:3:57 ,237,501.42,38.96
0:3:57 ,237,388.33,109.22
0:3:57 ,237,315.06,101.09
0:3:57 ,237,232.94,617.53
0:3:57 ,237,185.22,298.23
0:3:57 ,237,166.97,88.42
0:3:57 ,237,136.37,639.17
0:3:57 ,237,41.18,434.51
0:3:57 ,237,34.81,133.87
0:3:57 ,237,26.92,24.27
0:3:58 ,238,1072.6,274.54
0:3:58 ,238,1253.0,319.0
0:3:58 ,238,1108.53,58.52
0:3:58 ,238,1120.1,631.86
0:3:58 ,238,1024.81,669.83
0:3:58 ,238,976.0,547.5
0:3:58 ,238,932.0,478.5
0:3:58 ,238,843.17,370.27
0:3:58 ,238,717.2,32.51
0:3:58 ,238,575.62,571.76
0:3:58 ,238,603.36,93.14
0:3:58 ,238,517.96,204.99
0:3:58 ,238,423.37,437.11
0:3:58 ,238,392.37,499.19
0:3:58 ,238,329.0,368.5
0:3:58 ,238,124.23,421.02
0:3:58 ,238,99.73,55.65
